{
  "MapName": "surf_utopia_njv",
  "Stages": [
    {
      "StartZone": {
        "v1": {"X": -13775.068359, "Y": 514.466675, "Z": 13364.705078},
        "v2": {"X": -14283.035156, "Y": -509.662354, "Z": 12819.923828}
      },
      "EndZone": {
        "v1": {"X": -13854.310547, "Y": -758.869995, "Z": -6147.187500},
        "v2": {"X": -14328.564453, "Y": 812.292114, "Z": -5909.262695}
      }
    }
  ]
}
