{
  "MapName": "surf_mesa_revo",
  "IsLinear": true,
  "Stages": [
    {
      "StartZone": {
        "v1": {"X": -143.89660644531, "Y": -570.75628662109, "Z": 8928},
        "v2": {"X": 142.8681640625, "Y": -843.89630126953, "Z": 9300}
      },
      "EndZone": {
        "v1": {"X": -397.2158203125, "Y": 14047.96875, "Z": -13759.96875},
        "v2": {"X": 387.0615234375, "Y": 12999.283203125, "Z": -13530.940429688}
      }
    }
  ]
}
