{
  "MapName": "surf_beginner",
  "Stages": [
    {
      "StartZone": {
        "v1": {"X": -448.150726, "Y": -47.964149, "Z": 320},
        "v2": {"X": 191.463989, "Y": 257.725311, "Z": 500}
      },
      "EndZone": {
        "v1": {"X": -4544.320312, "Y": 4868.677734, "Z": 3096},
        "v2": {"X": -6078.667480, "Y": 5248.378418, "Z": 3296}
      }
    }
  ]
}
