{
  "MapName": "surf_kitsune",
  "Stages": [
    {
      "StartZone": {
        "v1": {"X": -15738.282227, "Y": -14818.766602, "Z": 807.523499},
        "v2": {"X": -14978.663086, "Y": -15323.328125, "Z": 1022.955688}
      },
      "EndZone": {
        "v1": {"X": -15521.826172, "Y": 9737.707031, "Z": -11922.423828},
        "v2": {"X": -16062.015625, "Y": 10592.468750, "Z": -11476.340820}
      }
    }
  ]
}
